<application>
  <component name="XDebuggerSettings">
    <data-views />
    <general>
      <evaluation-dialog-mode>CODE_FRAGMENT</evaluation-dialog-mode>
    </general>
    <debuggers>
      <debugger id="javascript">
        <configuration>
          <custom-object-presentation />
        </configuration>
      </debugger>
      <debugger id="python">
        <configuration>
          <option name="watchReturnValues" value="true" />
        </configuration>
      </debugger>
    </debuggers>
  </component>
</application>