<application>
  <component name="ProjectJdkTable">
    <jdk version="2">
      <name value="Python 2.7 (representante)" />
      <type value="Python SDK" />
      <version value="Python 2.7.12" />
      <homePath value="$USER_HOME$/.pyenv/versions/2.7.12/bin/python" />
      <roots>
        <classPath>
          <root type="composite">
            <root url="file://$USER_HOME$/.pyenv/versions/2.7.12/lib/python2.7" type="simple" />
            <root url="file://$USER_HOME$/.pyenv/versions/2.7.12/lib/python2.7/plat-darwin" type="simple" />
            <root url="file://$USER_HOME$/.pyenv/versions/2.7.12/lib/python2.7/plat-mac" type="simple" />
            <root url="file://$USER_HOME$/.pyenv/versions/2.7.12/lib/python2.7/plat-mac/lib-scriptpackages" type="simple" />
            <root url="file://$USER_HOME$/.pyenv/versions/2.7.12/lib/python2.7/lib-tk" type="simple" />
            <root url="file://$USER_HOME$/.pyenv/versions/2.7.12/lib/python2.7/lib-dynload" type="simple" />
            <root url="file://$USER_HOME$/.pyenv/versions/2.7.12/lib/python2.7/site-packages" type="simple" />
            <root url="file://$USER_HOME$/Library/Caches/PyCharm2018.3/python_stubs/-1519604133" type="simple" />
            <root url="file://$APPLICATION_HOME_DIR$/helpers/python-skeletons" type="simple" />
            <root url="file://$APPLICATION_HOME_DIR$/helpers/typeshed/stdlib/2" type="simple" />
            <root url="file://$APPLICATION_HOME_DIR$/helpers/typeshed/stdlib/2and3" type="simple" />
            <root url="file://$APPLICATION_HOME_DIR$/helpers/typeshed/third_party/2" type="simple" />
            <root url="file://$APPLICATION_HOME_DIR$/helpers/typeshed/third_party/2and3" type="simple" />
          </root>
        </classPath>
        <sourcePath>
          <root type="composite" />
        </sourcePath>
      </roots>
      <additional ASSOCIATED_PROJECT_PATH="$USER_HOME$/Projects/mercos/online/representante" />
    </jdk>
  </component>
</application>