<application>
  <component name="NodeJsLocalInterpreters">
    <local-interpreter path="/usr/local/bin/node" />
    <local-interpreter path="/usr/local/Cellar/node/11.12.0/bin/node" />
  </component>
  <component name="PropertiesComponent">
    <property name="#xdebugger.evaluate.splitter" value="0.4034582" />
    <property name="CommitChangeListDialog.DETAILS_SPLITTER_PROPORTION_2" value="0.7364017" />
    <property name="CommitChangeListDialog.SPLITTER_PROPORTION_2" value="0.4103139" />
    <property name="ExpandBeforeRunStepsPanel" value="true" />
    <property name="ExpandRunDashboardTypesPanel" value="false" />
    <property name="KEYMAP" value="import name&#10;method&#10;import" />
    <property name="MemberChooser.copyJavadoc" value="false" />
    <property name="MemberChooser.showClasses" value="true" />
    <property name="PluginConfigurable.selectionTab" value="2" />
    <property name="PyCharm.InitialConfiguration" value="true" />
    <property name="PyCharm.InitialConfiguration.V2" value="true" />
    <property name="PyCharm.InitialConfiguration.V3" value="true" />
    <property name="PyCharm.InitialConfiguration.V4" value="true" />
    <property name="PyCharm.InitialConfiguration.V5" value="true" />
    <property name="PyCharm.InitialConfiguration.V6" value="true" />
    <property name="PyCharm.InitialConfiguration.V7" value="true" />
    <property name="PyCharm.initialConfigurationShown" value="true" />
    <property name="PythonUnitTestRunnerSupport.hideIgnoredTests" value="false" />
    <property name="PythonUnitTestRunnerSupport.hidePassedTests" value="true" />
    <property name="PythonUnitTestRunnerSupport.scrollToStackTrace" value="true" />
    <property name="PythonUnitTestRunnerSupport.sortTestsAlphabetically" value="true" />
    <property name="SettingsSearchHistory" value="flow&#10;plugin&#10;venv&#10;keymap&#10;import this name" />
    <property name="com.intellij.history.integration.ui.views.FileHistoryDialog.0" value="300" />
    <property name="com.intellij.history.integration.ui.views.FileHistoryDialog.1" value="800" />
    <property name="evlsprt3.183" value="17" />
    <property name="file.chooser.recent.files" value="$USER_HOME$/.pyenv/versions/2.7.12/bin/python" />
    <property name="file.gist.reindex.count" value="64639" />
    <property name="fileTypeChangedCounter" value="1" />
    <property name="ideavim.statistics.timestamp" value="1553633904560" />
    <property name="js.overrides.completion" value="true" />
    <property name="js.rename.search.for.text.occurrences" value="false" />
    <property name="js.rename.search.in.comments" value="true" />
    <property name="js.var.names.completion" value="false" />
    <property name="lastTip" value="41" />
    <property name="settings.code.style.selected.tab.CSS" value="Arrangement" />
    <property name="ts.lib.d.ts.version" value="3.2.1" />
  </component>
  <component name="PyTestFrameworkService">
    <option name="SDK_TO_PYTEST">
      <map>
        <entry key="$USER_HOME$/.pyenv/versions/2.7.12/bin/python" value="false" />
      </map>
    </option>
    <option name="SDK_TO_NOSETEST">
      <map>
        <entry key="$USER_HOME$/.pyenv/versions/2.7.12/bin/python" value="true" />
      </map>
    </option>
    <option name="SDK_TO_TRIALTEST">
      <map>
        <entry key="$USER_HOME$/.pyenv/versions/2.7.12/bin/python" value="false" />
      </map>
    </option>
  </component>
</application>